EmpID,RecruitmentSource,DateofHire
10026,LinkedIn,7/5/2011
10084,Indeed,3/30/2015
10196,LinkedIn,7/5/2011
10088,Indeed,1/7/2008
10069,Google Search,7/11/2011
10002,LinkedIn,1/9/2012
10194,LinkedIn,11/10/2014
10062,Employee Referral,9/30/2013
10114,Diversity Job Fair,7/6/2009
10250,Indeed,1/5/2015
10252,Diversity Job Fair,1/10/2011
10242,Diversity Job Fair,4/2/2012
10012,Diversity Job Fair,11/10/2014
10265,Google Search,2/20/2012
10066,On-line Web application,9/24/2012
10061,Google Search,2/21/2011
10023,Employee Referral,7/21/2016
10055,Google Search,4/4/2011
10245,Google Search,7/7/2014
10277,LinkedIn,7/8/2013
10046,Google Search,4/2/2012
10226,Indeed,8/19/2013
10003,Indeed,7/7/2014
10294,CareerBuilder,4/4/2011
10267,Google Search,1/10/2011
10199,LinkedIn,2/17/2014
10081,Diversity Job Fair,2/16/2015
10175,Indeed,9/30/2013
10177,Google Search,4/2/2012
10238,Diversity Job Fair,10/27/2008
10184,Google Search,9/29/2014
10203,Diversity Job Fair,11/11/2013
10188,Google Search,8/15/2011
10107,Employee Referral,3/5/2012
10181,Indeed,4/4/2011
10150,Google Search,8/15/2011
10001,Indeed,1/28/2016
10085,Indeed,11/11/2013
10115,LinkedIn,3/31/2014
10082,LinkedIn,6/30/2016
10040,Indeed,8/18/2014
10067,Google Search,9/29/2014
10108,Indeed,9/6/2016
10210,Indeed,5/12/2014
10154,LinkedIn,7/8/2013
10200,Employee Referral,5/14/2012
10240,Indeed,6/27/2011
10168,Indeed,10/3/2011
10220,Indeed,9/5/2012
10275,Google Search,5/16/2011
10269,Indeed,8/30/2010
10029,Employee Referral,7/6/2016
10261,Employee Referral,7/8/2013
10292,LinkedIn,7/11/2011
10282,CareerBuilder,7/20/2010
10019,Indeed,1/5/2009
10094,Indeed,1/5/2015
10193,Indeed,3/30/2015
10132,LinkedIn,7/6/2016
10083,Employee Referral,11/10/2014
10099,Indeed,5/5/2014
10212,LinkedIn,11/10/2014
10056,Indeed,7/2/2012
10143,LinkedIn,11/7/2011
10311,Indeed,7/9/2018
10070,Indeed,5/16/2011
10155,CareerBuilder,1/9/2012
10306,Indeed,9/29/2014
10100,Google Search,4/4/2011
10310,Indeed,7/7/2014
10197,Indeed,2/15/2017
10276,Indeed,5/12/2014
10304,Website,2/20/2012
10284,Indeed,1/7/2013
10207,CareerBuilder,4/2/2012
10133,Employee Referral,1/5/2015
10028,Indeed,1/5/2014
10006,Indeed,1/10/2011
10105,Google Search,9/18/2014
10211,Google Search,4/26/2010
10064,Google Search,4/4/2011
10247,LinkedIn,11/10/2014
10235,Employee Referral,3/31/2014
10299,Indeed,7/7/2014
10280,Google Search,4/2/2012
10296,Google Search,2/17/2014
10290,Indeed,5/2/2011
10263,LinkedIn,7/7/2014
10136,LinkedIn,2/17/2014
10189,Google Search,11/7/2011
10308,Indeed,5/11/2015
10309,LinkedIn,3/30/2015
10049,Google Search,1/9/2012
10093,Google Search,5/16/2011
10163,Google Search,4/4/2011
10305,Employee Referral,9/29/2014
10015,Indeed,4/15/2011
10080,Other,1/5/2009
10258,CareerBuilder,9/6/2011
10273,LinkedIn,5/1/2010
10111,Employee Referral,3/30/2015
10257,LinkedIn,5/16/2011
10159,LinkedIn,3/30/2015
10122,Diversity Job Fair,11/7/2011
10142,CareerBuilder,7/7/2014
10283,Diversity Job Fair,4/2/2012
10018,Indeed,9/29/2014
10255,Indeed,2/16/2015
10246,Indeed,2/16/2015
10228,LinkedIn,3/30/2015
10243,Indeed,11/11/2013
10031,Diversity Job Fair,7/11/2011
10300,Diversity Job Fair,4/26/2010
10101,Employee Referral,1/5/2015
10237,LinkedIn,5/12/2014
10051,LinkedIn,7/2/2012
10218,Google Search,9/30/2013
10256,LinkedIn,8/19/2013
10098,Employee Referral,6/2/2015
10059,CareerBuilder,2/21/2011
10234,Indeed,4/20/2017
10109,LinkedIn,3/7/2012
10125,Google Search,11/28/2011
10074,LinkedIn,11/11/2013
10097,CareerBuilder,1/9/2012
10007,CareerBuilder,5/12/2014
10129,Google Search,8/13/2012
10075,CareerBuilder,1/10/2011
10167,Indeed,8/18/2014
10195,Indeed,8/15/2011
10112,Indeed,3/30/2015
10272,LinkedIn,5/5/2014
10182,Indeed,2/16/2015
10248,LinkedIn,2/20/2012
10201,LinkedIn,6/6/2016
10214,Indeed,6/5/2015
10160,Google Search,2/21/2011
10289,Indeed,2/21/2011
10139,Indeed,8/19/2013
10227,LinkedIn,11/5/2012
10236,Employee Referral,9/30/2013
10009,LinkedIn,7/5/2011
10060,LinkedIn,1/6/2014
10034,CareerBuilder,11/7/2011
10156,Indeed,1/5/2015
10036,LinkedIn,7/7/2014
10138,CareerBuilder,1/10/2011
10244,Google Search,11/7/2011
10192,Indeed,9/30/2013
10231,Indeed,8/19/2013
10089,Indeed,7/2/2012
10166,Google Search,9/26/2011
10170,Google Search,9/26/2011
10208,LinkedIn,2/17/2014
10176,Indeed,1/10/2011
10165,Diversity Job Fair,3/7/2011
10113,Employee Referral,11/10/2014
10092,Employee Referral,1/10/2011
10106,Indeed,1/7/2013
10052,LinkedIn,7/9/2012
10038,Website,1/6/2014
10249,Google Search,4/2/2012
10232,Indeed,10/2/2016
10087,CareerBuilder,9/26/2011
10134,CareerBuilder,1/5/2016
10251,Google Search,5/14/2012
10103,Website,4/30/2012
10017,Website,9/30/2013
10186,Indeed,7/5/2011
10137,LinkedIn,7/8/2013
10008,Diversity Job Fair,1/21/2011
10096,LinkedIn,7/8/2013
10035,Indeed,8/19/2013
10057,Website,2/16/2015
10004,Diversity Job Fair,11/7/2011
10191,Indeed,9/24/2012
10219,LinkedIn,1/6/2014
10077,LinkedIn,5/11/2016
10073,LinkedIn,7/5/2011
10279,LinkedIn,11/11/2013
10110,Google Search,11/11/2013
10053,Indeed,5/31/2011
10076,LinkedIn,3/30/2015
10145,CareerBuilder,1/7/2013
10202,Website,7/6/2016
10128,Diversity Job Fair,4/2/2012
10068,CareerBuilder,3/30/2015
10116,Indeed,8/16/2012
10298,LinkedIn,8/15/2011
10213,LinkedIn,11/7/2011
10288,Diversity Job Fair,2/15/2012
10025,Indeed,5/13/2013
10223,Diversity Job Fair,1/9/2012
10151,CareerBuilder,2/16/2015
10254,LinkedIn,4/1/2013
10120,LinkedIn,5/13/2013
10216,LinkedIn,7/8/2013
10079,Indeed,2/10/2017
10215,Diversity Job Fair,9/26/2011
10185,Employee Referral,4/1/2013
10063,LinkedIn,5/12/2014
10037,Diversity Job Fair,4/1/2013
10042,Indeed,7/8/2013
10206,LinkedIn,7/8/2013
10104,Indeed,11/10/2014
10303,LinkedIn,3/31/2014
10078,LinkedIn,5/14/2012
10121,Indeed,9/30/2013
10021,LinkedIn,9/30/2013
10281,LinkedIn,2/17/2014
10041,Website,1/5/2015
10148,Google Search,2/7/2011
10005,Diversity Job Fair,11/7/2011
10259,Employee Referral,12/1/2014
10286,Google Search,1/10/2011
10297,CareerBuilder,7/5/2011
10171,LinkedIn,5/16/2011
10032,Indeed,5/16/2011
10130,Indeed,10/25/2010
10217,LinkedIn,4/2/2012
10016,Employee Referral,11/10/2014
10050,Google Search,7/5/2011
10164,Google Search,11/5/2007
10124,Website,1/9/2012
10187,Google Search,5/16/2011
10225,Employee Referral,1/6/2014
10262,Indeed,9/24/2012
10131,Diversity Job Fair,2/21/2011
10239,Indeed,10/2/2016
10152,Indeed,9/26/2011
10140,CareerBuilder,5/12/2014
10058,LinkedIn,5/16/2011
10011,Google Search,11/28/2011
10230,Google Search,9/26/2011
10224,Indeed,7/5/2011
10047,Indeed,1/10/2011
10285,Indeed,1/10/2011
10020,Employee Referral,7/8/2013
10162,Employee Referral,2/16/2015
10149,LinkedIn,1/5/2015
10086,Indeed,1/7/2017
10054,Website,1/6/2014
10065,Google Search,4/4/2011
10198,Indeed,1/20/2013
10222,Diversity Job Fair,1/9/2012
10126,Indeed,11/5/2012
10295,Diversity Job Fair,7/4/2016
10260,Google Search,1/5/2009
10233,CareerBuilder,8/30/2010
10229,LinkedIn,1/5/2015
10169,LinkedIn,9/29/2014
10071,Google Search,9/30/2013
10179,LinkedIn,9/30/2014
10091,LinkedIn,8/19/2013
10178,Employee Referral,1/5/2015
10039,Website,5/1/2015
10095,CareerBuilder,10/26/2009
10027,Indeed,9/29/2014
10291,Diversity Job Fair,5/18/2014
10153,Diversity Job Fair,9/26/2011
10157,Employee Referral,11/11/2013
10119,LinkedIn,6/10/2011
10180,LinkedIn,6/30/2016
10302,Indeed,2/20/2012
10090,LinkedIn,10/2/2012
10030,LinkedIn,5/13/2013
10278,Google Search,1/10/2011
10307,Website,5/12/2014
10147,Indeed,9/29/2014
10266,LinkedIn,2/17/2014
10241,Indeed,9/27/2010
10158,Indeed,1/8/2009
10117,Google Search,1/5/2015
10209,Indeed,5/14/2012
10024,LinkedIn,7/7/2014
10173,Indeed,4/20/2017
10221,Diversity Job Fair,4/27/2009
10146,Google Search,5/16/2011
10161,Indeed,9/29/2014
10141,Indeed,7/5/2011
10268,Other,6/25/2007
10123,Indeed,2/18/2013
10013,Indeed,1/9/2006
10287,LinkedIn,2/17/2014
10044,CareerBuilder,1/5/2015
10102,Diversity Job Fair,2/18/2013
10270,LinkedIn,1/10/2011
10045,Employee Referral,3/30/2015
10205,Indeed,7/5/2011
10014,LinkedIn,8/13/2012
10144,Employee Referral,8/1/2011
10253,Website,3/5/2012
10118,Employee Referral,2/16/2015
10022,Google Search,9/26/2011
10183,LinkedIn,7/5/2015
10190,Employee Referral,8/18/2014
10274,Diversity Job Fair,9/26/2011
10293,CareerBuilder,8/13/2012
10172,Indeed,2/15/2017
10127,Employee Referral,3/30/2015
10072,LinkedIn,1/10/2011
10048,Website,5/16/2011
10204,Google Search,1/10/2011
10264,Diversity Job Fair,1/9/2012
10033,LinkedIn,1/7/2013
10174,LinkedIn,9/29/2014
10135,LinkedIn,7/7/2014
10301,Google Search,9/2/2008
10010,Employee Referral,4/10/2010
10043,Employee Referral,3/30/2015
10271,LinkedIn,9/29/2014
